id,date,name,province,city,address,zip
1,2024-04-25,霍彬,浙江省,温州市,浙江省温州市辽阳街z座号,530914
2,2024-07-12,葛莉,浙江省,温州市,浙江省温州市李路T座号,462937
3,2023-08-20,熊飞,北京市,北京市,北京市北京市吴路a座号,459582
4,2022-11-05,梁博,浙江省,杭州市,浙江省杭州市齐齐哈尔街l座号,916640
5,2023-09-30,吴欣,广东省,广州市,广东省广州市余街A座号,969111
6,2022-05-22,任婷婷,广东省,广州市,广东省广州市佛山街P座号,143103
7,2023-12-20,焦红霞,广东省,广州市,广东省广州市重庆路q座号,391451
8,2023-12-15,程斌,北京市,北京市,北京市北京市芦路V座号,335080
9,2024-03-05,曹欢,上海市,上海市,上海市上海市刘街r座号,941129
10,2022-11-16,王秀英,上海市,上海市,上海市上海市刘街q座号,688024
11,2024-09-22,范志强,广东省,深圳市,广东省深圳市阜新街J座号,906278
12,2023-02-21,刘兰英,广东省,东莞市,广东省东莞市沈阳路V座号,780485
13,2025-01-13,张亮,上海市,上海市,上海市上海市福州路h座号,396638
14,2024-04-13,王刚,北京市,北京市,北京市北京市袁街Q座号,310835
15,2024-07-17,戴静,浙江省,温州市,浙江省温州市丁街q座号,827833
16,2023-10-21,凌建国,上海市,上海市,上海市上海市六安街u座号,442495
17,2025-01-26,黄淑珍,浙江省,温州市,浙江省温州市赵路R座号,619376
18,2023-02-10,曾秀梅,广东省,深圳市,广东省深圳市郑街H座号,222929
19,2022-11-15,杨冬梅,北京市,北京市,北京市北京市澳门路c座号,336191
20,2022-12-31,赵飞,广东省,广州市,广东省广州市海口街u座号,824177
21,2022-09-22,景红,北京市,北京市,北京市北京市甘街S座号,369564
22,2022-09-25,阎柳,广东省,东莞市,广东省东莞市沈阳路U座号,914965
23,2022-07-28,沈燕,广东省,深圳市,广东省深圳市李街c座号,786635
24,2024-03-09,管秀荣,广东省,广州市,广东省广州市张街O座号,706841
25,2023-12-04,陈莉,北京市,北京市,北京市北京市莫路M座号,304808
26,2022-08-21,任桂荣,上海市,上海市,上海市上海市成都街y座号,878820
27,2024-10-12,刘欣,北京市,北京市,北京市北京市关岭街l座号,962460
28,2025-01-07,曾小红,浙江省,温州市,浙江省温州市彭路G座号,857730
29,2022-11-08,傅平,浙江省,杭州市,浙江省杭州市杭州街F座号,505773
30,2025-01-07,杨荣,广东省,深圳市,广东省深圳市孙路X座号,642311
31,2022-07-30,刘东,北京市,北京市,北京市北京市陈路z座号,485806
32,2024-04-14,王秀英,广东省,深圳市,广东省深圳市葛街o座号,564253
33,2024-01-22,萧凯,上海市,上海市,上海市上海市李街q座号,723694
34,2024-05-09,杨洁,上海市,上海市,上海市上海市兰州路j座号,637734
35,2022-07-02,屈金凤,广东省,深圳市,广东省深圳市陈街f座号,578477
36,2022-04-22,周秀珍,广东省,东莞市,广东省东莞市曾路D座号,960098
37,2022-08-19,黄健,广东省,深圳市,广东省深圳市哈尔滨路m座号,619914
38,2022-04-01,刘帆,北京市,北京市,北京市北京市黄路Z座号,211160
39,2022-10-28,方秀英,浙江省,温州市,浙江省温州市哈尔滨路b座号,318612
40,2024-12-30,李倩,浙江省,温州市,浙江省温州市阜新街G座号,227704
41,2024-10-19,刘宁,广东省,广州市,广东省广州市张路j座号,512711
42,2022-12-15,胡凯,广东省,深圳市,广东省深圳市汤路G座号,128168
43,2025-02-14,魏丹丹,广东省,广州市,广东省广州市长春街D座号,440171
44,2022-04-12,李林,北京市,北京市,北京市北京市嘉禾街I座号,102666
45,2022-12-07,王婷,北京市,北京市,北京市北京市关岭街Z座号,339649
46,2023-04-17,崔海燕,北京市,北京市,北京市北京市关岭街h座号,698805
47,2023-07-13,梁桂珍,广东省,东莞市,广东省东莞市张路l座号,482600
48,2024-11-29,杨淑华,上海市,上海市,上海市上海市关岭路z座号,186563
49,2023-04-26,郑慧,浙江省,宁波市,浙江省宁波市梧州路h座号,559658
50,2022-06-16,郭杰,浙江省,宁波市,浙江省宁波市何路W座号,118950
51,2024-02-03,邓想,广东省,深圳市,广东省深圳市合肥路E座号,147912
52,2024-02-14,范秀梅,上海市,上海市,上海市上海市香港街x座号,397281
53,2024-02-03,潘娜,北京市,北京市,北京市北京市辽阳路c座号,369838
54,2023-05-16,陆敏,广东省,广州市,广东省广州市谢街G座号,106292
55,2024-12-29,游琴,浙江省,温州市,浙江省温州市刘街l座号,198955
56,2022-10-25,吕淑华,北京市,北京市,北京市北京市大冶街A座号,490920
57,2023-10-05,田燕,浙江省,宁波市,浙江省宁波市高路r座号,425219
58,2023-05-09,马云,北京市,北京市,北京市北京市广州路R座号,936802
59,2023-07-30,黄东,广东省,东莞市,广东省东莞市崔路K座号,302197
60,2022-07-28,唐桂珍,浙江省,杭州市,浙江省杭州市巢湖街p座号,855942
61,2022-04-15,陶佳,广东省,广州市,广东省广州市上海路Z座号,655759
62,2023-08-30,陈金凤,上海市,上海市,上海市上海市海口街u座号,495170
63,2022-12-12,黄秀华,北京市,北京市,北京市北京市刘街Q座号,128597
64,2024-08-19,丁雪梅,浙江省,宁波市,浙江省宁波市辽阳路X座号,580297
65,2025-01-28,李燕,北京市,北京市,北京市北京市合肥路O座号,547859
66,2023-09-04,李瑞,上海市,上海市,上海市上海市六安街Y座号,679164
67,2024-05-02,姜丽娟,上海市,上海市,上海市上海市潮州路A座号,195188
68,2022-05-18,张桂兰,广东省,广州市,广东省广州市乔街s座号,250798
69,2023-12-19,施晶,浙江省,杭州市,浙江省杭州市六盘水路y座号,820754
70,2022-03-24,罗玉,浙江省,宁波市,浙江省宁波市蔡街C座号,746567
71,2024-04-25,许萍,上海市,上海市,上海市上海市香港街D座号,226747
72,2024-05-16,周艳,广东省,东莞市,广东省东莞市郭街k座号,106785
73,2023-05-05,刘洋,北京市,北京市,北京市北京市拉萨路g座号,489647
74,2023-06-03,杜慧,上海市,上海市,上海市上海市龙路v座号,223448
75,2024-03-05,陈建军,北京市,北京市,北京市北京市武路T座号,839839
76,2022-06-03,段淑英,浙江省,杭州市,浙江省杭州市刘街i座号,773353
77,2024-10-08,卢涛,上海市,上海市,上海市上海市汤路U座号,766927
78,2024-09-02,刘雪,北京市,北京市,北京市北京市张家港街M座号,832612
79,2023-07-08,萧利,浙江省,宁波市,浙江省宁波市通辽街g座号,178645
80,2022-04-14,廖淑华,广东省,东莞市,广东省东莞市陈街r座号,214611
81,2023-11-19,卢英,北京市,北京市,北京市北京市汕尾街j座号,354201
82,2024-02-14,陈春梅,浙江省,宁波市,浙江省宁波市崔路O座号,193820
83,2022-03-19,高丹丹,北京市,北京市,北京市北京市西宁路S座号,706108
84,2023-01-03,刘宁,浙江省,温州市,浙江省温州市济南路U座号,985723
85,2024-02-21,卢玲,上海市,上海市,上海市上海市通辽路J座号,926267
86,2023-10-31,杜瑞,上海市,上海市,上海市上海市巢湖路t座号,381545
87,2022-11-22,王娜,上海市,上海市,上海市上海市兴安盟路E座号,556979
88,2025-02-06,李欢,北京市,北京市,北京市北京市李路m座号,623924
89,2022-10-05,徐欢,广东省,深圳市,广东省深圳市北镇路B座号,692767
90,2024-01-08,杨桂香,上海市,上海市,上海市上海市海口路m座号,548549
91,2023-07-04,黄桂荣,浙江省,宁波市,浙江省宁波市哈尔滨街Y座号,209317
92,2024-04-29,公淑华,北京市,北京市,北京市北京市西安路M座号,634842
93,2022-09-05,蔡雪梅,北京市,北京市,北京市北京市柳州路C座号,926446
94,2023-05-12,张秀荣,广东省,广州市,广东省广州市赵街m座号,630364
95,2024-11-28,张璐,浙江省,杭州市,浙江省杭州市张街n座号,773291
96,2024-07-02,程婷婷,上海市,上海市,上海市上海市袁街J座号,124044
97,2023-07-07,韩丹,上海市,上海市,上海市上海市海口街P座号,948154
98,2024-10-23,刘颖,浙江省,杭州市,浙江省杭州市杭州街D座号,752166
99,2023-01-05,黄娟,浙江省,宁波市,浙江省宁波市杨路K座号,802491
100,2023-07-30,田杨,上海市,上海市,上海市上海市孙路m座号,513512
101,2023-05-04,李艳,浙江省,杭州市,浙江省杭州市王街V座号,929492
102,2023-05-26,郭红,上海市,上海市,上海市上海市上海路J座号,328288
103,2022-03-21,邢林,浙江省,温州市,浙江省温州市邯郸路I座号,922361
104,2024-01-13,赖勇,广东省,深圳市,广东省深圳市天津路L座号,339402
105,2023-10-12,张鹏,上海市,上海市,上海市上海市王街z座号,298754
106,2022-09-01,马倩,北京市,北京市,北京市北京市成都路S座号,796718
107,2023-08-16,蔡柳,广东省,广州市,广东省广州市钱路F座号,608727
108,2024-10-06,龚桂芳,上海市,上海市,上海市上海市封街Z座号,605004
109,2022-07-26,李燕,浙江省,温州市,浙江省温州市呼和浩特街v座号,387191
110,2024-06-06,杨坤,浙江省,宁波市,浙江省宁波市银川街H座号,251125
111,2023-06-03,张璐,北京市,北京市,北京市北京市樊街G座号,777869
112,2022-11-19,陈晨,上海市,上海市,上海市上海市北京街l座号,251180
113,2023-12-19,高林,上海市,上海市,上海市上海市上海路g座号,346114
114,2024-05-21,吕秀芳,上海市,上海市,上海市上海市刘街d座号,421708
115,2022-04-19,刘丽华,上海市,上海市,上海市上海市长沙路H座号,754777
116,2024-12-11,张梅,浙江省,温州市,浙江省温州市厉路d座号,129105
117,2024-10-13,赵欢,北京市,北京市,北京市北京市黄街E座号,778847
118,2022-03-20,王鹏,上海市,上海市,上海市上海市大冶街C座号,633772
119,2022-06-29,刘璐,广东省,深圳市,广东省深圳市蒋路a座号,948827
120,2023-03-16,胡秀兰,上海市,上海市,上海市上海市曾路V座号,960773
121,2023-10-13,刘旭,北京市,北京市,北京市北京市褚路U座号,253388
122,2022-10-12,李凯,浙江省,温州市,浙江省温州市兴安盟街g座号,499913
123,2022-07-17,张雷,北京市,北京市,北京市北京市武汉街f座号,322658
124,2024-12-13,雷雷,浙江省,宁波市,浙江省宁波市潮州路Z座号,598541
125,2024-11-20,骆婷,北京市,北京市,北京市北京市吴街O座号,390296
126,2024-06-19,赵兰英,浙江省,杭州市,浙江省杭州市南宁路O座号,738324
127,2022-08-08,张刚,上海市,上海市,上海市上海市位街V座号,454413
128,2022-09-19,马兰英,北京市,北京市,北京市北京市梧州路r座号,558630
129,2024-12-23,黄帅,广东省,深圳市,广东省深圳市赵路Y座号,268134
130,2022-10-20,刘兰英,北京市,北京市,北京市北京市宜都路j座号,596735
131,2022-08-07,万淑华,浙江省,温州市,浙江省温州市周路i座号,378800
132,2023-04-12,张琳,广东省,广州市,广东省广州市田街o座号,701159
133,2023-10-07,匡刚,浙江省,杭州市,浙江省杭州市宁德街l座号,103105
134,2023-08-24,龙倩,浙江省,杭州市,浙江省杭州市六盘水路u座号,774576
135,2023-06-13,张春梅,广东省,东莞市,广东省东莞市东莞街F座号,967686
136,2022-06-25,董宁,上海市,上海市,上海市上海市田街j座号,231352
137,2024-11-07,游燕,上海市,上海市,上海市上海市李路t座号,621362
138,2024-08-03,陈琴,浙江省,温州市,浙江省温州市哈尔滨路Y座号,947476
139,2022-10-03,魏彬,广东省,深圳市,广东省深圳市苏路s座号,196003
140,2022-12-31,史勇,浙江省,杭州市,浙江省杭州市太原路P座号,244675
141,2022-10-31,张桂荣,广东省,广州市,广东省广州市陈街o座号,374680
142,2024-03-13,马娟,上海市,上海市,上海市上海市南宁街f座号,807610
143,2024-11-17,宋玉珍,北京市,北京市,北京市北京市武汉街M座号,220333
144,2023-07-11,朱秀英,广东省,深圳市,广东省深圳市阜新路G座号,965695
145,2024-02-02,解建,北京市,北京市,北京市北京市蓝路y座号,241384
146,2024-05-10,曹成,浙江省,杭州市,浙江省杭州市哈尔滨路l座号,145748
147,2022-09-10,宋飞,浙江省,温州市,浙江省温州市杜路X座号,325020
148,2022-04-08,李丹丹,上海市,上海市,上海市上海市任路q座号,826075
149,2024-07-18,彭楠,上海市,上海市,上海市上海市王街T座号,542721
150,2022-03-28,丁勇,浙江省,杭州市,浙江省杭州市欧阳路N座号,431238
151,2022-12-10,胡建,广东省,深圳市,广东省深圳市倪街E座号,955530
152,2024-07-17,王秀芳,浙江省,杭州市,浙江省杭州市向路g座号,602167
153,2023-08-11,李玉梅,浙江省,宁波市,浙江省宁波市柳州街I座号,499196
154,2023-08-19,陈建,广东省,广州市,广东省广州市关岭路W座号,886864
155,2025-01-28,徐秀珍,浙江省,温州市,浙江省温州市关岭街v座号,864172
156,2024-10-14,曾浩,上海市,上海市,上海市上海市郑州街F座号,536028
157,2023-07-13,阎丽娟,北京市,北京市,北京市北京市阜新路j座号,926366
158,2024-04-10,张兵,广东省,广州市,广东省广州市郑州路K座号,290859
159,2023-12-02,范建华,北京市,北京市,北京市北京市张街I座号,771585
160,2023-05-12,朱雪梅,上海市,上海市,上海市上海市胡路x座号,324229
161,2024-02-15,孙东,上海市,上海市,上海市上海市长春路E座号,408133
162,2022-06-15,徐桂香,北京市,北京市,北京市北京市刘街t座号,824839
163,2022-03-19,阎芳,浙江省,温州市,浙江省温州市蒋路m座号,591551
164,2024-12-24,齐鑫,北京市,北京市,北京市北京市北京街Q座号,269576
165,2023-01-21,王桂香,广东省,广州市,广东省广州市汕尾街I座号,708870
166,2023-09-04,刘琴,广东省,东莞市,广东省东莞市徐街w座号,336396
167,2022-06-23,乔凤兰,上海市,上海市,上海市上海市李路d座号,805293
168,2024-12-01,马文,浙江省,温州市,浙江省温州市栾街A座号,639611
169,2022-07-02,许想,浙江省,温州市,浙江省温州市方街Z座号,475076
170,2023-12-22,凌彬,广东省,东莞市,广东省东莞市武汉街T座号,530422
171,2024-12-04,刘亮,浙江省,温州市,浙江省温州市巢湖街s座号,287952
172,2022-11-20,容超,广东省,深圳市,广东省深圳市张路P座号,590631
173,2022-09-05,谢秀英,上海市,上海市,上海市上海市冯街w座号,270521
174,2023-02-15,李华,上海市,上海市,上海市上海市武街b座号,865354
175,2023-07-08,李志强,上海市,上海市,上海市上海市郑街s座号,521742
176,2022-09-16,杜宇,广东省,深圳市,广东省深圳市刘路Y座号,276385
177,2023-05-09,陈浩,广东省,东莞市,广东省东莞市哈尔滨街h座号,343674
178,2023-07-03,黄强,浙江省,温州市,浙江省温州市鞠街B座号,424038
179,2023-01-11,何志强,广东省,深圳市,广东省深圳市徐路X座号,261222
180,2024-02-03,江超,广东省,广州市,广东省广州市西宁街y座号,362088
181,2024-10-27,赵淑珍,浙江省,温州市,浙江省温州市惠街B座号,266143
182,2022-05-21,康洁,北京市,北京市,北京市北京市柳州街K座号,302599
183,2024-05-14,段雪,北京市,北京市,北京市北京市苑街W座号,685549
184,2023-05-25,纪勇,北京市,北京市,北京市北京市聂街h座号,137685
185,2025-02-20,王杨,北京市,北京市,北京市北京市济南街m座号,204014
186,2022-12-22,唐玲,浙江省,温州市,浙江省温州市曾路M座号,816555
187,2025-01-05,尹玉兰,广东省,东莞市,广东省东莞市赵路c座号,405860
188,2025-03-13,丁娟,广东省,广州市,广东省广州市邯郸路g座号,787190
189,2023-05-06,萧秀英,广东省,广州市,广东省广州市上海街A座号,587333
190,2023-08-06,蒋雪,浙江省,杭州市,浙江省杭州市荆门街n座号,298985
191,2022-11-15,郝建华,北京市,北京市,北京市北京市沈街V座号,395365
192,2022-04-14,唐瑜,浙江省,杭州市,浙江省杭州市曹街d座号,398801
193,2023-01-13,李浩,上海市,上海市,上海市上海市高路r座号,313453
194,2023-08-26,杨洋,广东省,深圳市,广东省深圳市南京街D座号,416668
195,2024-07-11,杨建平,北京市,北京市,北京市北京市楼街V座号,315645
196,2024-08-26,潘秀华,上海市,上海市,上海市上海市天津街j座号,924578
197,2023-08-30,黄峰,浙江省,宁波市,浙江省宁波市广州路v座号,477502
198,2024-06-14,刘秀荣,广东省,深圳市,广东省深圳市张街K座号,386580
199,2024-01-04,周淑珍,广东省,深圳市,广东省深圳市唐路E座号,180747
200,2024-07-10,王平,上海市,上海市,上海市上海市佛山路w座号,891435
201,2023-12-20,史莉,浙江省,温州市,浙江省温州市北京街a座号,846747
202,2024-06-21,彭杨,北京市,北京市,北京市北京市兴安盟街i座号,604107
203,2024-10-31,黄建华,广东省,东莞市,广东省东莞市莫路h座号,483893
204,2024-04-01,曾建平,浙江省,温州市,浙江省温州市哈尔滨路G座号,823197
205,2022-07-23,李凯,广东省,广州市,广东省广州市荆门街i座号,752711
206,2024-08-15,王秀芳,上海市,上海市,上海市上海市西安街y座号,962582
207,2023-01-01,刘荣,上海市,上海市,上海市上海市余路T座号,855267
208,2022-06-24,王浩,广东省,深圳市,广东省深圳市苏街M座号,155206
209,2025-01-31,段伟,上海市,上海市,上海市上海市王路z座号,503994
210,2023-06-03,何荣,北京市,北京市,北京市北京市李街S座号,756680
211,2023-05-13,姚建国,浙江省,宁波市,浙江省宁波市上海路F座号,298206
212,2022-08-14,任倩,北京市,北京市,北京市北京市南昌街e座号,458325
213,2023-12-04,罗淑华,浙江省,温州市,浙江省温州市张路e座号,736797
214,2023-03-01,杨英,上海市,上海市,上海市上海市海门街K座号,337812
215,2024-05-12,任鹏,上海市,上海市,上海市上海市西宁街C座号,451574
216,2024-05-11,许帆,上海市,上海市,上海市上海市潜江街m座号,763546
217,2025-03-11,郑伟,广东省,广州市,广东省广州市石家庄路j座号,119051
218,2024-01-31,李丹丹,北京市,北京市,北京市北京市高街M座号,750764
219,2023-09-28,何建,北京市,北京市,北京市北京市合山街m座号,484151
220,2022-11-06,张春梅,广东省,深圳市,广东省深圳市深圳路h座号,894359
221,2022-11-13,周淑华,上海市,上海市,上海市上海市拉萨街R座号,682311
222,2022-11-12,姚燕,上海市,上海市,上海市上海市杨路S座号,297169
223,2024-07-17,张志强,北京市,北京市,北京市北京市郑街L座号,551449
224,2025-01-21,覃淑英,广东省,东莞市,广东省东莞市袁路k座号,453316
225,2022-04-23,王宁,上海市,上海市,上海市上海市银川街g座号,329402
226,2023-07-14,黄凤英,广东省,广州市,广东省广州市郑州街O座号,239733
227,2023-08-21,陆志强,浙江省,温州市,浙江省温州市乌鲁木齐街y座号,159690
228,2024-06-30,王华,北京市,北京市,北京市北京市辛集街s座号,512091
229,2022-07-01,朱秀珍,浙江省,杭州市,浙江省杭州市呼和浩特街n座号,210397
230,2022-06-09,林秀兰,上海市,上海市,上海市上海市佛山街S座号,633779
231,2024-11-02,高志强,广东省,广州市,广东省广州市孙街h座号,158027
232,2023-10-21,郭玉梅,广东省,深圳市,广东省深圳市吕路H座号,580940
233,2022-04-20,傅华,北京市,北京市,北京市北京市哈尔滨路G座号,794713
234,2025-02-08,张秀荣,上海市,上海市,上海市上海市兴安盟街x座号,773166
235,2023-09-03,仝波,上海市,上海市,上海市上海市六安街o座号,922150
236,2024-02-15,潘海燕,上海市,上海市,上海市上海市兰州路Q座号,220072
237,2023-01-30,赵婷婷,上海市,上海市,上海市上海市太原街x座号,464159
238,2022-12-07,张帅,广东省,东莞市,广东省东莞市永安街I座号,796186
239,2022-06-14,陈玉英,浙江省,宁波市,浙江省宁波市刘路m座号,950692
240,2023-12-23,萧建军,广东省,深圳市,广东省深圳市合山街g座号,911979
241,2023-05-09,高婷婷,上海市,上海市,上海市上海市钱路w座号,175625
242,2023-04-21,张建,广东省,广州市,广东省广州市呼和浩特路n座号,776407
243,2024-03-17,李桂珍,上海市,上海市,上海市上海市赵路Q座号,687426
244,2024-05-17,吴燕,浙江省,杭州市,浙江省杭州市拉萨街F座号,699341
245,2022-03-19,胡冬梅,广东省,广州市,广东省广州市李街l座号,106359
246,2022-12-04,吕静,广东省,东莞市,广东省东莞市刘路H座号,321357
247,2024-05-10,谭东,广东省,深圳市,广东省深圳市太原街R座号,342064
248,2022-12-30,阎晨,上海市,上海市,上海市上海市王街d座号,147209
249,2022-11-19,杨亮,广东省,深圳市,广东省深圳市永安街p座号,226263
250,2023-06-17,张飞,北京市,北京市,北京市北京市姜街k座号,922386
251,2022-06-04,张淑珍,广东省,广州市,广东省广州市闻街I座号,755431
252,2023-11-07,张平,北京市,北京市,北京市北京市陈路y座号,618630
253,2023-09-19,梁斌,浙江省,温州市,浙江省温州市许街m座号,882610
254,2023-04-05,伍淑英,北京市,北京市,北京市北京市马路j座号,912180
255,2024-11-12,宋杨,广东省,深圳市,广东省深圳市严路S座号,185000
256,2024-04-29,张冬梅,北京市,北京市,北京市北京市沈阳路r座号,925579
257,2022-06-01,李辉,广东省,东莞市,广东省东莞市太原街P座号,413335
258,2024-08-19,刘桂英,浙江省,温州市,浙江省温州市俞街s座号,355682
259,2023-04-14,陈淑英,广东省,深圳市,广东省深圳市王路I座号,960975
260,2024-11-21,赵红,浙江省,温州市,浙江省温州市方街w座号,774226
261,2023-09-22,陈玉英,广东省,东莞市,广东省东莞市冯路V座号,599734
262,2022-06-27,段峰,广东省,深圳市,广东省深圳市汪街T座号,439378
263,2023-11-18,徐利,浙江省,温州市,浙江省温州市莫路y座号,811502
264,2024-09-18,袁淑兰,浙江省,宁波市,浙江省宁波市澳门路Y座号,423188
265,2023-12-04,王敏,浙江省,杭州市,浙江省杭州市罗路l座号,612614
266,2024-04-28,梁慧,上海市,上海市,上海市上海市上海街S座号,957893
267,2024-06-22,迟秀华,北京市,北京市,北京市北京市马鞍山街i座号,158982
268,2024-10-10,黄楠,北京市,北京市,北京市北京市宣街A座号,418217
269,2024-08-30,程龙,广东省,广州市,广东省广州市巢湖路e座号,388093
270,2023-12-03,杜丹,北京市,北京市,北京市北京市吴街q座号,258973
271,2023-08-14,陈秀英,浙江省,温州市,浙江省温州市黄路T座号,998089
272,2024-12-24,吴玉梅,广东省,东莞市,广东省东莞市赵街a座号,912809
273,2023-12-13,侯琳,北京市,北京市,北京市北京市银川路g座号,897346
274,2022-12-03,罗红,浙江省,温州市,浙江省温州市南宁街Q座号,612450
275,2023-06-13,姜娟,北京市,北京市,北京市北京市杭州街F座号,886376
276,2023-08-12,钱刚,上海市,上海市,上海市上海市张街J座号,903404
277,2024-11-04,谢桂兰,浙江省,宁波市,浙江省宁波市高街b座号,770705
278,2022-07-12,连成,浙江省,温州市,浙江省温州市澳门路V座号,824832
279,2022-04-14,孙建,北京市,北京市,北京市北京市马鞍山路Z座号,888646
280,2023-01-27,王超,北京市,北京市,北京市北京市王街F座号,959979
281,2023-06-29,卞冬梅,浙江省,杭州市,浙江省杭州市沈阳街N座号,322249
282,2023-11-30,韩桂荣,北京市,北京市,北京市北京市冯路L座号,276268
283,2023-02-10,郑秀荣,北京市,北京市,北京市北京市郑州路A座号,894054
284,2023-09-24,李秀兰,广东省,东莞市,广东省东莞市张街j座号,596369
285,2022-06-07,奚华,上海市,上海市,上海市上海市程路r座号,935342
286,2023-03-26,许兵,浙江省,宁波市,浙江省宁波市银川街P座号,175601
287,2024-11-19,王柳,浙江省,宁波市,浙江省宁波市兴安盟街e座号,705812
288,2022-05-21,李佳,上海市,上海市,上海市上海市潮州路J座号,299380
289,2023-07-07,徐莉,上海市,上海市,上海市上海市潜江路F座号,517089
290,2022-03-30,李华,上海市,上海市,上海市上海市潮州街i座号,683258
291,2022-04-12,符雷,广东省,广州市,广东省广州市李路s座号,859922
292,2023-04-03,张瑜,浙江省,杭州市,浙江省杭州市张路R座号,212713
293,2024-03-28,吴秀珍,浙江省,温州市,浙江省温州市汕尾街m座号,133588
294,2024-12-09,王佳,浙江省,宁波市,浙江省宁波市南宁路n座号,703348
295,2023-03-01,林博,北京市,北京市,北京市北京市袁路W座号,624947
296,2022-10-05,沈建华,上海市,上海市,上海市上海市陈街Q座号,120894
297,2024-03-06,韩旭,上海市,上海市,上海市上海市潮州路N座号,178861
298,2022-08-07,庄斌,上海市,上海市,上海市上海市淮安路d座号,689547
299,2024-12-19,蒋荣,北京市,北京市,北京市北京市太原街J座号,690977
300,2024-07-21,丁秀华,浙江省,杭州市,浙江省杭州市兴安盟街Y座号,436293
301,2023-09-22,方欢,上海市,上海市,上海市上海市齐齐哈尔路x座号,475396
302,2024-02-21,黄雪梅,北京市,北京市,北京市北京市沈阳街d座号,680629
303,2023-12-11,杨雪梅,北京市,北京市,北京市北京市李街L座号,158799
304,2023-04-04,徐雷,广东省,深圳市,广东省深圳市汕尾街x座号,988803
305,2023-08-14,李桂兰,广东省,东莞市,广东省东莞市潘街S座号,760014
306,2023-11-28,蒙辉,上海市,上海市,上海市上海市李路P座号,124137
307,2022-09-22,李晨,上海市,上海市,上海市上海市沈阳路b座号,213530
308,2024-03-02,张兰英,浙江省,宁波市,浙江省宁波市梧州街e座号,221149
309,2023-12-17,翁辉,浙江省,杭州市,浙江省杭州市长春路B座号,290550
310,2023-11-23,吴健,浙江省,温州市,浙江省温州市沈阳街f座号,621970
311,2023-09-08,张雷,上海市,上海市,上海市上海市香港路L座号,788157
312,2022-06-11,臧涛,上海市,上海市,上海市上海市南昌路G座号,384619
313,2024-12-23,郭佳,广东省,东莞市,广东省东莞市呼和浩特路t座号,799529
314,2025-01-20,吴秀云,上海市,上海市,上海市上海市合山街j座号,384132
315,2022-10-17,熊静,北京市,北京市,北京市北京市陈街I座号,778082
316,2023-02-20,程琳,浙江省,宁波市,浙江省宁波市韩街F座号,237493
317,2024-08-26,曾俊,浙江省,杭州市,浙江省杭州市苏路B座号,328053
318,2022-11-03,颜博,广东省,深圳市,广东省深圳市刘街w座号,405260
319,2023-10-25,王欢,上海市,上海市,上海市上海市杨街O座号,107910
320,2024-12-20,唐琳,上海市,上海市,上海市上海市六安街i座号,248861
321,2024-06-10,袁婷,广东省,广州市,广东省广州市淮安街L座号,216916
322,2023-04-16,江峰,北京市,北京市,北京市北京市太原街P座号,779474
323,2024-11-01,刘雪梅,广东省,东莞市,广东省东莞市郑街y座号,123172
324,2024-09-20,黄建国,上海市,上海市,上海市上海市通辽街n座号,936815
325,2023-05-23,萧琴,北京市,北京市,北京市北京市永安路p座号,140582
326,2024-11-14,郭桂芝,上海市,上海市,上海市上海市张街H座号,689877
327,2024-08-13,王涛,上海市,上海市,上海市上海市上海路A座号,925845
328,2022-08-04,范军,广东省,东莞市,广东省东莞市卢街u座号,974583
329,2024-03-06,徐娜,浙江省,温州市,浙江省温州市长春路K座号,485625
330,2024-02-24,雷洁,广东省,东莞市,广东省东莞市昆明路g座号,392803
331,2024-12-08,谢波,北京市,北京市,北京市北京市黄路P座号,510068
332,2023-08-25,唐志强,上海市,上海市,上海市上海市张街f座号,579172
333,2023-10-03,俞玉兰,上海市,上海市,上海市上海市嘉禾街w座号,192039
334,2024-09-03,孙琴,广东省,广州市,广东省广州市冯街G座号,396975
335,2023-07-29,王桂芳,北京市,北京市,北京市北京市成都街K座号,128314
336,2022-11-28,何萍,北京市,北京市,北京市北京市范街t座号,740981
337,2022-07-23,阎亮,浙江省,宁波市,浙江省宁波市马街q座号,630108
338,2023-10-18,戴成,广东省,东莞市,广东省东莞市曹街Y座号,136960
339,2023-07-06,周婷婷,浙江省,温州市,浙江省温州市罗街R座号,407303
340,2024-04-07,高淑珍,广东省,广州市,广东省广州市杭州路r座号,915716
341,2023-10-21,程春梅,广东省,东莞市,广东省东莞市宁德街p座号,812558
342,2022-11-28,赵雪梅,上海市,上海市,上海市上海市吴路I座号,779618
343,2023-12-14,张荣,广东省,广州市,广东省广州市长沙路S座号,418557
344,2023-09-23,纪宁,北京市,北京市,北京市北京市武汉街q座号,301387
345,2024-01-02,萧磊,北京市,北京市,北京市北京市辛集街z座号,151610
346,2023-02-17,李飞,上海市,上海市,上海市上海市徐路K座号,830406
347,2024-03-16,赵俊,广东省,广州市,广东省广州市曾路U座号,753399
348,2024-11-08,宋杰,上海市,上海市,上海市上海市济南街H座号,317070
349,2022-07-29,刘建平,上海市,上海市,上海市上海市王路V座号,124807
350,2022-10-28,许红梅,浙江省,温州市,浙江省温州市太原街e座号,568418
351,2024-07-22,孙淑华,浙江省,温州市,浙江省温州市徐路Q座号,669963
352,2024-04-11,张燕,广东省,广州市,广东省广州市汕尾路L座号,383572
353,2024-12-21,李桂荣,广东省,广州市,广东省广州市六盘水街s座号,801966
354,2024-08-09,冯楠,上海市,上海市,上海市上海市陈路s座号,370361
355,2025-01-21,范涛,北京市,北京市,北京市北京市柳州街Z座号,328076
356,2023-08-10,胡建军,浙江省,温州市,浙江省温州市周路o座号,457379
357,2023-02-27,黄桂英,浙江省,杭州市,浙江省杭州市张家港街G座号,154014
358,2023-01-06,陈建平,广东省,广州市,广东省广州市王街l座号,598413
359,2023-10-03,郝梅,北京市,北京市,北京市北京市张家港街S座号,134774
360,2023-10-22,黎楠,上海市,上海市,上海市上海市辛集路a座号,562902
361,2022-05-23,陈欣,浙江省,宁波市,浙江省宁波市魏路i座号,996460
362,2022-10-06,吴英,上海市,上海市,上海市上海市鞠路q座号,548687
363,2022-07-10,林娜,广东省,东莞市,广东省东莞市辽阳路M座号,312075
364,2023-04-10,唐丹,浙江省,杭州市,浙江省杭州市六安路A座号,446566
365,2025-03-05,施颖,上海市,上海市,上海市上海市柴街S座号,717434
366,2023-04-13,徐琴,上海市,上海市,上海市上海市李街o座号,767124
367,2022-04-09,林雪梅,广东省,广州市,广东省广州市张路x座号,225420
368,2024-10-15,李秀英,广东省,深圳市,广东省深圳市澳门街w座号,689951
369,2022-03-26,樊春梅,北京市,北京市,北京市北京市刘路J座号,220758
370,2022-07-23,林雪,北京市,北京市,北京市北京市哈尔滨街d座号,428809
371,2023-11-10,温伟,浙江省,宁波市,浙江省宁波市哈尔滨街M座号,585064
372,2023-05-24,王丽华,北京市,北京市,北京市北京市李街y座号,106546
373,2023-05-24,杨晶,浙江省,温州市,浙江省温州市师街K座号,380063
374,2022-08-03,唐秀芳,上海市,上海市,上海市上海市孙路P座号,267466
375,2023-05-15,吴超,广东省,东莞市,广东省东莞市长沙路M座号,821632
376,2024-01-24,李丽丽,北京市,北京市,北京市北京市谢街l座号,314764
377,2024-07-29,庄丽娟,北京市,北京市,北京市北京市陈路X座号,827277
378,2024-05-09,刘娜,北京市,北京市,北京市北京市南京街a座号,855789
379,2023-05-10,林辉,广东省,东莞市,广东省东莞市昆明街B座号,646486
380,2023-11-02,李秀芳,广东省,深圳市,广东省深圳市大冶街P座号,275254
381,2023-06-16,吴桂荣,北京市,北京市,北京市北京市巢湖路w座号,985002
382,2023-05-05,潘丽,上海市,上海市,上海市上海市程街V座号,402466
383,2023-06-27,沈芳,上海市,上海市,上海市上海市昆明路h座号,977083
384,2024-07-19,李雷,北京市,北京市,北京市北京市罗路p座号,596612
385,2024-09-10,杨畅,浙江省,宁波市,浙江省宁波市兰州街R座号,414296
386,2023-11-16,罗玉英,北京市,北京市,北京市北京市何路h座号,555019
387,2024-07-19,邓欣,广东省,深圳市,广东省深圳市吴路J座号,959244
388,2023-07-30,杨博,北京市,北京市,北京市北京市六盘水街u座号,237613
389,2023-01-17,房桂兰,上海市,上海市,上海市上海市郑州街E座号,725229
390,2022-08-15,汪志强,浙江省,杭州市,浙江省杭州市沈阳路N座号,330434
391,2024-03-06,洪文,浙江省,杭州市,浙江省杭州市赵路w座号,496379
392,2024-01-06,王慧,浙江省,温州市,浙江省温州市巩路g座号,443420
393,2023-09-15,李淑珍,广东省,东莞市,广东省东莞市汕尾路T座号,693267
394,2022-12-05,李洁,广东省,深圳市,广东省深圳市宁德路M座号,367815
395,2022-08-14,王秀梅,北京市,北京市,北京市北京市六盘水路J座号,426374
396,2022-10-18,董冬梅,浙江省,温州市,浙江省温州市惠州路d座号,837218
397,2023-05-11,周建,浙江省,宁波市,浙江省宁波市陈街j座号,346625
398,2023-11-18,周欢,上海市,上海市,上海市上海市陈街x座号,959453
399,2024-09-26,车丽,浙江省,宁波市,浙江省宁波市张街q座号,913779
400,2024-01-06,王飞,广东省,广州市,广东省广州市太原街q座号,195184
401,2023-05-19,张雪,浙江省,杭州市,浙江省杭州市宜都街e座号,633277
402,2025-02-25,王浩,广东省,广州市,广东省广州市陈路e座号,483291
403,2023-10-18,戴玉华,广东省,深圳市,广东省深圳市李路s座号,781456
404,2023-07-09,戴志强,浙江省,宁波市,浙江省宁波市贵阳街n座号,180224
405,2024-03-07,程利,广东省,东莞市,广东省东莞市杨路v座号,626683
406,2024-08-02,萧玉珍,北京市,北京市,北京市北京市高路G座号,761833
407,2024-07-02,刘雪梅,广东省,广州市,广东省广州市上海街H座号,568216
408,2024-07-17,孙彬,广东省,深圳市,广东省深圳市成都街t座号,243769
409,2022-04-25,刘成,上海市,上海市,上海市上海市永安街X座号,307755
410,2023-11-04,戴桂英,上海市,上海市,上海市上海市呼和浩特路P座号,803683
411,2024-12-30,林娟,北京市,北京市,北京市北京市西宁街K座号,291881
412,2024-03-09,何洋,浙江省,宁波市,浙江省宁波市福州街A座号,239383
413,2024-01-24,杨玉兰,北京市,北京市,北京市北京市合山路T座号,446766
414,2023-07-11,江丽华,广东省,广州市,广东省广州市济南路h座号,522181
415,2024-08-25,苗亮,北京市,北京市,北京市北京市福州街a座号,625738
416,2023-03-27,吴秀英,广东省,广州市,广东省广州市张路a座号,892737
417,2022-07-06,陈玉兰,上海市,上海市,上海市上海市解路k座号,270671
418,2024-02-27,朱成,上海市,上海市,上海市上海市金路V座号,187458
419,2022-05-18,王建平,上海市,上海市,上海市上海市冯路K座号,642445
420,2024-01-09,花萍,广东省,东莞市,广东省东莞市拉萨街l座号,335849
421,2022-04-06,丁艳,上海市,上海市,上海市上海市谭路l座号,921799
422,2023-05-07,杨健,浙江省,杭州市,浙江省杭州市沈阳路W座号,889920
423,2024-05-17,丁华,上海市,上海市,上海市上海市兴城路M座号,218347
424,2022-09-24,曾秀荣,北京市,北京市,北京市北京市周路i座号,282260
425,2022-11-23,方晨,浙江省,杭州市,浙江省杭州市张路x座号,116873
426,2023-10-28,邱洋,北京市,北京市,北京市北京市北镇街K座号,718755
427,2024-03-14,牛华,浙江省,温州市,浙江省温州市王路I座号,347983
428,2024-06-02,涂刚,上海市,上海市,上海市上海市范路x座号,921416
429,2024-02-25,陆桂珍,浙江省,温州市,浙江省温州市台北街m座号,554454
430,2022-07-06,吴超,浙江省,温州市,浙江省温州市上海街u座号,454064
431,2023-01-21,李秀云,北京市,北京市,北京市北京市孙街k座号,389422
432,2023-05-06,姚彬,广东省,东莞市,广东省东莞市六盘水路C座号,936265
433,2022-08-22,郭畅,浙江省,杭州市,浙江省杭州市敬街g座号,298549
434,2023-01-13,史建,广东省,深圳市,广东省深圳市黄路H座号,164832
435,2024-04-01,周宁,北京市,北京市,北京市北京市太原街p座号,325250
436,2023-04-18,陈春梅,上海市,上海市,上海市上海市王街F座号,563606
437,2022-08-27,罗玉,广东省,东莞市,广东省东莞市关岭路J座号,780305
438,2023-08-14,张莉,北京市,北京市,北京市北京市任路U座号,602028
439,2024-02-20,秦帅,北京市,北京市,北京市北京市西宁路o座号,652269
440,2023-06-15,李辉,浙江省,温州市,浙江省温州市天津路j座号,730476
441,2023-08-15,胡杰,浙江省,杭州市,浙江省杭州市吴街I座号,987075
442,2022-06-28,胡秀芳,北京市,北京市,北京市北京市路路c座号,991540
443,2024-08-14,窦兰英,上海市,上海市,上海市上海市连路u座号,245972
444,2024-03-30,高玉兰,北京市,北京市,北京市北京市李街M座号,432804
445,2024-03-18,孙云,北京市,北京市,北京市北京市台北街M座号,989128
446,2022-05-07,揭鑫,北京市,北京市,北京市北京市张街G座号,651565
447,2024-02-28,张淑兰,上海市,上海市,上海市上海市左路G座号,449811
448,2025-01-11,童伟,上海市,上海市,上海市上海市杨街W座号,841956
449,2023-04-17,郑萍,北京市,北京市,北京市北京市孙路E座号,684975
450,2022-12-18,刘娜,北京市,北京市,北京市北京市张家港路Z座号,102240
451,2025-03-05,杜利,上海市,上海市,上海市上海市惠州街J座号,284725
452,2022-04-03,项艳,浙江省,杭州市,浙江省杭州市宁德路E座号,974679
453,2024-09-21,王雪梅,上海市,上海市,上海市上海市刘街d座号,789972
454,2024-04-08,刘芳,广东省,广州市,广东省广州市柳州路q座号,797252
455,2023-10-31,廖雪,北京市,北京市,北京市北京市易街w座号,926299
456,2022-04-27,张宇,上海市,上海市,上海市上海市周路O座号,827610
457,2024-08-07,陈金凤,广东省,广州市,广东省广州市乔街m座号,223949
458,2022-11-22,张红,上海市,上海市,上海市上海市苏街f座号,704891
459,2022-05-04,左明,上海市,上海市,上海市上海市王街U座号,732707
460,2025-01-14,刘旭,上海市,上海市,上海市上海市邹路X座号,177982
461,2024-12-10,潘雪,广东省,东莞市,广东省东莞市廖街R座号,806402
462,2024-12-10,张玉华,广东省,深圳市,广东省深圳市聂街U座号,979152
463,2024-12-20,李军,上海市,上海市,上海市上海市魏街u座号,829166
464,2024-03-18,尹凯,北京市,北京市,北京市北京市刘路j座号,563172
465,2024-08-31,吴丽华,北京市,北京市,北京市北京市张路N座号,383625
466,2022-06-18,张小红,上海市,上海市,上海市上海市沈阳街h座号,993219
467,2024-07-18,焦春梅,广东省,东莞市,广东省东莞市杨路e座号,862539
468,2024-09-15,纪波,北京市,北京市,北京市北京市哈尔滨路w座号,427695
469,2023-01-14,陈鹏,广东省,深圳市,广东省深圳市六安街w座号,906109
470,2023-11-27,王玲,上海市,上海市,上海市上海市刘街F座号,976065
471,2023-08-01,张秀珍,浙江省,宁波市,浙江省宁波市刘路C座号,690823
472,2023-08-05,杨丽娟,浙江省,温州市,浙江省温州市李路j座号,605375
473,2024-11-16,尚龙,浙江省,宁波市,浙江省宁波市兴城街m座号,235298
474,2022-09-27,谢亮,广东省,东莞市,广东省东莞市东莞街N座号,869264
475,2022-06-05,刘海燕,广东省,广州市,广东省广州市兰州街E座号,506306
476,2024-03-06,鲁燕,北京市,北京市,北京市北京市兰州街w座号,530666
477,2023-06-17,徐艳,广东省,广州市,广东省广州市韦街k座号,419529
478,2024-07-19,黄晶,浙江省,宁波市,浙江省宁波市宜都街n座号,911981
479,2023-07-28,晏涛,北京市,北京市,北京市北京市李街e座号,124048
480,2022-08-18,李辉,上海市,上海市,上海市上海市李街K座号,944143
481,2024-02-14,李亮,浙江省,杭州市,浙江省杭州市东莞路B座号,910816
482,2023-08-29,刘佳,浙江省,宁波市,浙江省宁波市龙街O座号,118967
483,2023-12-08,李玉梅,北京市,北京市,北京市北京市潜江街a座号,185363
484,2025-01-29,陈阳,上海市,上海市,上海市上海市惠州路F座号,149758
485,2022-07-28,钟健,广东省,东莞市,广东省东莞市戴街M座号,413555
486,2024-11-13,许宁,北京市,北京市,北京市北京市西安街M座号,865194
487,2023-09-10,江桂香,广东省,深圳市,广东省深圳市常路A座号,485732
488,2024-11-22,易海燕,广东省,广州市,广东省广州市香港路G座号,743742
489,2022-06-29,郝淑英,广东省,深圳市,广东省深圳市李街r座号,826772
490,2024-06-20,陈帆,上海市,上海市,上海市上海市北京路t座号,721859
491,2022-04-22,朱桂芝,浙江省,温州市,浙江省温州市刘街N座号,699813
492,2023-04-27,苏芳,浙江省,温州市,浙江省温州市皮街G座号,932821
493,2023-09-10,麦志强,广东省,广州市,广东省广州市张路H座号,518071
494,2024-10-04,刘秀英,浙江省,杭州市,浙江省杭州市汪路B座号,441246
495,2024-04-11,吕欣,浙江省,杭州市,浙江省杭州市兴城路R座号,179888
496,2024-08-19,丁淑珍,北京市,北京市,北京市北京市邯郸路m座号,697270
497,2025-03-15,汪志强,北京市,北京市,北京市北京市吴路q座号,543089
498,2024-05-05,杨俊,北京市,北京市,北京市北京市阜新路t座号,724619
499,2024-02-21,田丹丹,广东省,广州市,广东省广州市郑路L座号,937885
500,2022-12-23,史璐,上海市,上海市,上海市上海市高街r座号,976041
501,2024-04-23,刘桂荣,浙江省,杭州市,浙江省杭州市郑路L座号,307827
502,2022-10-02,罗冬梅,北京市,北京市,北京市北京市张路t座号,795714
503,2024-11-06,罗淑华,上海市,上海市,上海市上海市叶街q座号,299171
504,2024-04-25,陈华,上海市,上海市,上海市上海市曾路J座号,252573
505,2023-10-02,崔燕,浙江省,杭州市,浙江省杭州市澳门街j座号,685403
506,2024-05-10,黄晨,浙江省,宁波市,浙江省宁波市王街F座号,227527
507,2024-04-10,周丽丽,上海市,上海市,上海市上海市兴安盟路I座号,487733
508,2023-04-01,彭阳,广东省,广州市,广东省广州市昆明路A座号,236385
509,2023-08-29,朱桂芝,北京市,北京市,北京市北京市朱路X座号,294841
510,2023-09-18,孔利,浙江省,温州市,浙江省温州市周街s座号,614892
511,2022-12-28,黄秀芳,广东省,广州市,广东省广州市陈路v座号,418467
512,2024-03-03,陈秀珍,广东省,深圳市,广东省深圳市韦街E座号,315944
513,2023-12-24,刘俊,北京市,北京市,北京市北京市呼和浩特街C座号,597064
514,2024-05-04,李宇,上海市,上海市,上海市上海市李路U座号,483981
515,2023-07-06,高健,北京市,北京市,北京市北京市石街p座号,373730
516,2024-12-04,郭楠,浙江省,杭州市,浙江省杭州市北京街C座号,636941
517,2024-06-10,郭玲,广东省,深圳市,广东省深圳市兴城街l座号,165615
518,2022-11-29,吴芳,浙江省,温州市,浙江省温州市翟路U座号,185044
519,2023-10-21,杨凯,北京市,北京市,北京市北京市哈尔滨街T座号,439083
520,2023-02-07,徐林,浙江省,宁波市,浙江省宁波市南京街c座号,332082
521,2024-04-16,杨海燕,北京市,北京市,北京市北京市兴城街r座号,693475
522,2024-04-15,朱辉,浙江省,杭州市,浙江省杭州市吴路e座号,258839
523,2022-07-06,董秀荣,上海市,上海市,上海市上海市乌鲁木齐街V座号,174863
524,2023-10-22,喻桂珍,上海市,上海市,上海市上海市曾街B座号,690291
525,2022-07-30,周杰,北京市,北京市,北京市北京市惠州路x座号,255465
526,2023-06-12,曹桂英,上海市,上海市,上海市上海市西安路M座号,105350
527,2024-12-16,王丽,北京市,北京市,北京市北京市贵阳路Q座号,297029
528,2024-09-18,张建,浙江省,宁波市,浙江省宁波市王街q座号,226257
529,2022-07-08,王玉华,北京市,北京市,北京市北京市宁德路W座号,521504
530,2024-09-23,郭博,浙江省,杭州市,浙江省杭州市徐路W座号,589759
531,2022-04-22,杨柳,广东省,深圳市,广东省深圳市庞街h座号,473914
532,2023-10-30,张婷婷,北京市,北京市,北京市北京市段街e座号,806790
533,2022-12-27,沈金凤,浙江省,温州市,浙江省温州市唐街s座号,896815
534,2022-12-30,梁颖,广东省,东莞市,广东省东莞市潮州路T座号,221859
535,2023-07-14,覃想,北京市,北京市,北京市北京市福州路u座号,294533
536,2025-03-12,王伟,广东省,广州市,广东省广州市王街X座号,336144
537,2024-09-30,叶利,上海市,上海市,上海市上海市深圳路F座号,493072
538,2024-06-28,陈娟,广东省,东莞市,广东省东莞市阚街R座号,149479
539,2023-06-10,康旭,广东省,东莞市,广东省东莞市张路W座号,165246
540,2023-04-29,韩秀华,浙江省,宁波市,浙江省宁波市苟街V座号,560196
541,2022-11-03,曾颖,上海市,上海市,上海市上海市冯路K座号,571420
542,2022-10-28,李英,浙江省,宁波市,浙江省宁波市毛路r座号,864576
543,2024-06-03,马华,浙江省,杭州市,浙江省杭州市郭街Q座号,529871
544,2022-08-22,刘博,浙江省,温州市,浙江省温州市昆明街o座号,875249
545,2022-05-17,张慧,北京市,北京市,北京市北京市惠州路O座号,645048
546,2022-11-07,周秀华,上海市,上海市,上海市上海市永安路r座号,207640
547,2024-07-31,陈莉,广东省,广州市,广东省广州市盛路O座号,817303
548,2023-10-11,陈秀华,上海市,上海市,上海市上海市伊街k座号,141756
549,2023-03-27,蒋海燕,上海市,上海市,上海市上海市辛集路g座号,383475
550,2024-10-26,罗龙,北京市,北京市,北京市北京市福州街F座号,755752
551,2025-02-21,黄桂荣,北京市,北京市,北京市北京市毛街b座号,119189
552,2023-03-27,郭想,浙江省,宁波市,浙江省宁波市李街m座号,334235
553,2024-09-01,赵志强,广东省,广州市,广东省广州市澳门路o座号,872462
554,2023-10-16,苏超,广东省,广州市,广东省广州市薛路q座号,759103
555,2023-01-25,张秀荣,北京市,北京市,北京市北京市南宁路F座号,724485
556,2022-12-22,郑婷,广东省,广州市,广东省广州市李街C座号,276170
557,2023-04-04,贾亮,浙江省,温州市,浙江省温州市张路w座号,730951
558,2023-08-11,李斌,广东省,广州市,广东省广州市柳州路G座号,392544
559,2024-09-20,潘飞,广东省,深圳市,广东省深圳市王街y座号,146557
560,2024-09-28,郭欢,浙江省,杭州市,浙江省杭州市刘街C座号,148111
561,2024-02-06,陈波,上海市,上海市,上海市上海市林路a座号,195720
562,2024-10-02,高雷,广东省,东莞市,广东省东莞市艾街o座号,158697
563,2023-07-20,杨琴,广东省,东莞市,广东省东莞市长沙街o座号,704522
564,2025-01-13,张楠,浙江省,杭州市,浙江省杭州市朱路z座号,586354
565,2024-07-25,薄桂芝,浙江省,宁波市,浙江省宁波市哈尔滨路p座号,734293
566,2023-03-04,孔建,北京市,北京市,北京市北京市太原路c座号,407821
567,2022-04-21,薛芳,上海市,上海市,上海市上海市杭州街f座号,113572
568,2024-03-08,叶想,上海市,上海市,上海市上海市马街Q座号,541916
569,2023-09-18,裴淑华,上海市,上海市,上海市上海市兰州路l座号,227700
570,2024-01-30,郑健,浙江省,温州市,浙江省温州市王路s座号,392537
571,2023-11-27,张丽,广东省,广州市,广东省广州市西宁路L座号,568837
572,2023-02-27,徐桂芝,上海市,上海市,上海市上海市哈尔滨街n座号,618045
573,2024-10-13,郭鹏,浙江省,宁波市,浙江省宁波市何路r座号,999694
574,2024-07-16,姚欣,浙江省,宁波市,浙江省宁波市王路c座号,584004
575,2022-08-01,王玉华,北京市,北京市,北京市北京市海口路f座号,703941
576,2024-12-24,赵云,上海市,上海市,上海市上海市蔡路y座号,706636
577,2024-12-27,黄丹,北京市,北京市,北京市北京市孙街C座号,362116
578,2022-12-29,张秀芳,上海市,上海市,上海市上海市武汉路P座号,129558
579,2022-12-01,戴桂荣,浙江省,杭州市,浙江省杭州市东莞路O座号,142149
580,2023-11-17,胡莹,浙江省,温州市,浙江省温州市曾路z座号,738993
581,2023-04-06,孙桂芳,北京市,北京市,北京市北京市西宁街U座号,401560
582,2022-03-21,李宁,广东省,深圳市,广东省深圳市孙路p座号,923222
583,2024-01-10,田慧,上海市,上海市,上海市上海市鞠街a座号,822511
584,2024-10-04,赵刚,北京市,北京市,北京市北京市陆街t座号,899643
585,2023-05-26,谢萍,广东省,广州市,广东省广州市柳州路P座号,689659
586,2024-09-15,闵杰,上海市,上海市,上海市上海市陈街X座号,422769
587,2024-02-04,郭莹,浙江省,温州市,浙江省温州市上海街m座号,975337
588,2024-08-08,任丹,上海市,上海市,上海市上海市荆门街m座号,596882
589,2022-11-25,杨波,北京市,北京市,北京市北京市深圳街Y座号,843623
590,2023-10-18,赵琴,上海市,上海市,上海市上海市上海街v座号,699818
591,2023-08-18,殷小红,北京市,北京市,北京市北京市陈街C座号,243395
592,2023-09-27,李洁,浙江省,温州市,浙江省温州市周路o座号,745319
593,2022-04-20,李淑兰,北京市,北京市,北京市北京市贵阳街y座号,569606
594,2023-08-07,迟鹏,广东省,广州市,广东省广州市南京路m座号,895044
595,2025-02-28,惠萍,浙江省,杭州市,浙江省杭州市陶路f座号,303239
596,2025-01-16,孙红霞,广东省,广州市,广东省广州市包路z座号,396755
597,2024-04-19,张梅,上海市,上海市,上海市上海市王路R座号,521517
598,2023-10-17,陈平,广东省,深圳市,广东省深圳市梧州路F座号,439104
599,2023-03-25,刘楠,北京市,北京市,北京市北京市太原路y座号,198376
600,2024-08-29,陶倩,广东省,广州市,广东省广州市邯郸街m座号,594283
601,2023-02-08,刘博,北京市,北京市,北京市北京市南京路o座号,111021
602,2024-04-09,赵军,北京市,北京市,北京市北京市陈街K座号,861094
603,2022-12-12,侯雷,广东省,深圳市,广东省深圳市董路c座号,969554
604,2023-03-30,沙芳,上海市,上海市,上海市上海市李街x座号,899719
605,2024-08-16,孙桂荣,北京市,北京市,北京市北京市杨街B座号,541264
606,2022-07-31,张兰英,浙江省,宁波市,浙江省宁波市涂街A座号,190182
607,2024-10-22,谭玉兰,浙江省,杭州市,浙江省杭州市北镇街o座号,337905
608,2023-10-02,杨凤兰,北京市,北京市,北京市北京市通辽街D座号,403792
609,2022-04-03,胡平,北京市,北京市,北京市北京市淮安路A座号,226160
610,2024-09-09,高霞,浙江省,温州市,浙江省温州市乌鲁木齐街n座号,610589
611,2025-02-26,陈平,浙江省,温州市,浙江省温州市香港街J座号,791922
612,2023-02-06,袁萍,浙江省,杭州市,浙江省杭州市海门路I座号,488811
613,2022-11-26,刘伟,浙江省,宁波市,浙江省宁波市六安路x座号,965778
614,2023-04-29,支瑞,北京市,北京市,北京市北京市深圳街w座号,566040
615,2022-04-04,吴娜,广东省,广州市,广东省广州市哈尔滨街W座号,375227
616,2024-05-24,张建国,广东省,深圳市,广东省深圳市李街y座号,153344
617,2022-06-10,陶玉,上海市,上海市,上海市上海市哈尔滨街O座号,921924
618,2024-12-01,颜桂花,广东省,深圳市,广东省深圳市台北路n座号,237108
619,2024-08-24,谢军,上海市,上海市,上海市上海市李街x座号,935674
620,2023-11-08,蒋瑞,上海市,上海市,上海市上海市辽阳街n座号,495208
621,2022-04-26,马琳,北京市,北京市,北京市北京市杨街h座号,424734
622,2023-04-28,王娟,广东省,东莞市,广东省东莞市王街S座号,397370
623,2023-02-04,张东,上海市,上海市,上海市上海市赵街N座号,809293
624,2022-12-19,郭桂兰,广东省,广州市,广东省广州市吴路e座号,150301
625,2023-10-24,方淑英,广东省,深圳市,广东省深圳市刘路K座号,215110
626,2023-01-02,张红,北京市,北京市,北京市北京市邓街V座号,886849
627,2022-05-26,苏宇,北京市,北京市,北京市北京市卓街X座号,893491
628,2023-12-16,姚璐,浙江省,宁波市,浙江省宁波市汪街Y座号,287072
629,2023-11-14,张淑兰,广东省,深圳市,广东省深圳市潜江街I座号,570571
630,2024-05-14,郑红梅,上海市,上海市,上海市上海市兴安盟街D座号,969783
631,2024-05-09,王金凤,浙江省,杭州市,浙江省杭州市赵街T座号,320463
632,2024-10-31,严利,浙江省,杭州市,浙江省杭州市大冶路d座号,344076
633,2025-01-25,崔秀梅,广东省,广州市,广东省广州市龙街D座号,650775
634,2024-03-19,周秀荣,浙江省,杭州市,浙江省杭州市黄街J座号,520834
635,2023-03-05,雷楠,浙江省,杭州市,浙江省杭州市台北路V座号,593440
636,2023-07-15,蔡斌,广东省,深圳市,广东省深圳市澳门路Q座号,114776
637,2024-10-04,张婷婷,广东省,广州市,广东省广州市哈尔滨街H座号,843169
638,2023-11-02,黄鹏,上海市,上海市,上海市上海市北镇街u座号,760616
639,2022-04-19,邓璐,浙江省,宁波市,浙江省宁波市陈街M座号,840628
640,2023-08-14,骆凤兰,广东省,广州市,广东省广州市张家港街d座号,513034
641,2024-12-20,张帆,上海市,上海市,上海市上海市欧阳街q座号,344729
642,2023-10-10,卢超,广东省,深圳市,广东省深圳市阜新路l座号,443675
643,2022-09-13,刘建军,上海市,上海市,上海市上海市程路Y座号,701590
644,2024-05-24,桂楠,上海市,上海市,上海市上海市太原路g座号,640566
645,2025-03-14,林俊,广东省,广州市,广东省广州市辛集街e座号,165563
646,2025-02-27,佟秀华,广东省,深圳市,广东省深圳市阜新街s座号,233499
647,2024-08-28,王勇,浙江省,温州市,浙江省温州市陈街h座号,820637
648,2023-04-11,赵金凤,浙江省,温州市,浙江省温州市关岭路M座号,951945
649,2024-08-03,宋丹,浙江省,温州市,浙江省温州市郝街T座号,904945
650,2024-07-21,王飞,上海市,上海市,上海市上海市牟街Y座号,253922
651,2022-12-31,葛颖,北京市,北京市,北京市北京市苏街n座号,556011
652,2024-04-18,李飞,浙江省,宁波市,浙江省宁波市淮安街D座号,556214
653,2023-10-31,张明,北京市,北京市,北京市北京市惠街G座号,255451
654,2024-08-22,杨利,上海市,上海市,上海市上海市罗街n座号,148381
655,2023-06-16,马健,上海市,上海市,上海市上海市石街f座号,609362
656,2023-04-17,冯玉英,浙江省,宁波市,浙江省宁波市戴街j座号,734258
657,2023-04-10,白畅,北京市,北京市,北京市北京市永安路A座号,780580
658,2023-12-03,孙洋,北京市,北京市,北京市北京市成街n座号,705430
659,2024-10-29,谢芳,广东省,广州市,广东省广州市张家港路h座号,775816
660,2023-04-25,林佳,上海市,上海市,上海市上海市北镇街I座号,122802
661,2023-02-14,曾倩,北京市,北京市,北京市北京市海口路e座号,824553
662,2024-09-23,向桂兰,上海市,上海市,上海市上海市钟街Q座号,888855
663,2022-08-25,陈瑞,北京市,北京市,北京市北京市嘉禾路p座号,574931
664,2024-07-31,陈建国,浙江省,宁波市,浙江省宁波市贵阳街p座号,152673
665,2023-12-21,关桂英,广东省,广州市,广东省广州市杭州路c座号,313395
666,2022-12-24,舒俊,上海市,上海市,上海市上海市关岭街m座号,131523
667,2023-07-20,李杰,上海市,上海市,上海市上海市黄街O座号,237284
668,2025-01-17,黄勇,广东省,深圳市,广东省深圳市东莞街X座号,889101
669,2025-01-24,刘桂花,浙江省,杭州市,浙江省杭州市伍路Z座号,616613
670,2022-09-18,戴桂兰,北京市,北京市,北京市北京市台北街u座号,705219
671,2024-06-24,施凤英,浙江省,温州市,浙江省温州市重庆街x座号,524090
672,2024-10-07,余桂芝,浙江省,杭州市,浙江省杭州市周路J座号,560867
673,2024-12-28,武浩,浙江省,温州市,浙江省温州市夏路S座号,340942
674,2024-06-16,李洋,上海市,上海市,上海市上海市杨路c座号,948082
675,2022-05-05,徐金凤,北京市,北京市,北京市北京市太原路l座号,757683
676,2024-03-13,董雪梅,上海市,上海市,上海市上海市谷街m座号,794844
677,2022-09-05,孙英,广东省,广州市,广东省广州市常街u座号,976436
678,2024-12-05,王涛,浙江省,温州市,浙江省温州市阜新路G座号,816433
679,2024-07-30,邓桂芝,北京市,北京市,北京市北京市南京街X座号,269139
680,2023-10-29,黄晶,浙江省,温州市,浙江省温州市刘路Z座号,360364
681,2022-11-20,陈涛,广东省,广州市,广东省广州市台北路N座号,344582
682,2023-06-08,张杰,北京市,北京市,北京市北京市长春街u座号,549700
683,2024-12-22,蒋晨,广东省,深圳市,广东省深圳市黄路u座号,673613
684,2024-11-12,李鹏,上海市,上海市,上海市上海市钱街s座号,896329
685,2023-10-04,刘成,上海市,上海市,上海市上海市黄路t座号,988206
686,2024-01-06,林琴,广东省,深圳市,广东省深圳市葛路l座号,873262
687,2023-05-23,胡秀兰,北京市,北京市,北京市北京市通辽路A座号,373858
688,2025-03-07,杨玉梅,浙江省,宁波市,浙江省宁波市韩街N座号,555983
689,2023-04-02,彭梅,北京市,北京市,北京市北京市北镇路C座号,111870
690,2023-08-03,张晶,浙江省,温州市,浙江省温州市杨路Y座号,997921
691,2023-06-09,马秀荣,上海市,上海市,上海市上海市张路e座号,631786
692,2022-12-04,林兵,上海市,上海市,上海市上海市吴街a座号,480261
693,2024-06-10,徐桂芝,北京市,北京市,北京市北京市邓街Z座号,134362
694,2022-03-25,张凤兰,上海市,上海市,上海市上海市张街A座号,446410
695,2022-09-20,孟玲,浙江省,杭州市,浙江省杭州市梧州街w座号,763271
696,2023-04-20,毛鹏,广东省,深圳市,广东省深圳市辽阳路N座号,288387
697,2024-01-01,金玉英,浙江省,宁波市,浙江省宁波市谭路J座号,742458
698,2025-03-08,唐桂芝,北京市,北京市,北京市北京市周街a座号,413503
699,2022-09-03,李建军,上海市,上海市,上海市上海市李街m座号,339538
700,2023-02-13,王雪,浙江省,杭州市,浙江省杭州市殷街S座号,142039
701,2024-10-13,张鹏,上海市,上海市,上海市上海市刘路a座号,755097
702,2022-05-04,宋娟,浙江省,宁波市,浙江省宁波市罗街q座号,230040
703,2024-12-27,杨玲,浙江省,杭州市,浙江省杭州市辛集街y座号,810234
704,2023-08-30,杨云,上海市,上海市,上海市上海市覃街f座号,423584
705,2022-05-28,周秀梅,上海市,上海市,上海市上海市南宁街Z座号,250739
706,2024-09-27,陈英,北京市,北京市,北京市北京市昆明街s座号,921043
707,2022-04-02,戴秀华,浙江省,杭州市,浙江省杭州市赵街I座号,946420
708,2023-07-12,侯伟,浙江省,宁波市,浙江省宁波市卜路m座号,720849
709,2022-10-01,董磊,浙江省,温州市,浙江省温州市张路s座号,187880
710,2025-02-04,马桂荣,北京市,北京市,北京市北京市南昌路R座号,594741
711,2024-05-14,普兵,北京市,北京市,北京市北京市福州路d座号,258459
712,2023-05-03,张淑珍,上海市,上海市,上海市上海市黄街H座号,458206
713,2025-03-05,林平,北京市,北京市,北京市北京市辛集路K座号,552450
714,2023-11-28,吴建国,广东省,东莞市,广东省东莞市周街D座号,873469
715,2022-04-18,卓桂芝,浙江省,宁波市,浙江省宁波市张街V座号,914469
716,2024-09-29,蒋荣,广东省,深圳市,广东省深圳市六盘水街K座号,924132
717,2024-12-14,宫楠,北京市,北京市,北京市北京市周街g座号,368180
718,2023-02-15,胡燕,广东省,深圳市,广东省深圳市六安街t座号,527454
719,2022-03-31,王桂芳,北京市,北京市,北京市北京市北镇路K座号,918396
720,2024-05-22,朱雷,北京市,北京市,北京市北京市何街v座号,806585
721,2022-05-20,张金凤,上海市,上海市,上海市上海市沈阳路T座号,659897
722,2024-03-25,谷岩,广东省,广州市,广东省广州市东莞街w座号,406114
723,2022-05-19,张玉兰,上海市,上海市,上海市上海市沈阳路T座号,363749
724,2024-01-25,翟雪,上海市,上海市,上海市上海市嘉禾街t座号,235726
725,2024-11-01,陈明,浙江省,杭州市,浙江省杭州市香港街J座号,122685
726,2022-10-11,齐玉英,广东省,深圳市,广东省深圳市张路S座号,778356
727,2024-03-20,尚晨,北京市,北京市,北京市北京市南京路w座号,429772
728,2022-10-26,周欢,北京市,北京市,北京市北京市赵街j座号,552015
729,2022-09-14,穆莹,广东省,东莞市,广东省东莞市祖街p座号,379219
730,2024-02-08,李想,北京市,北京市,北京市北京市冯路L座号,122834
731,2022-04-24,王瑞,上海市,上海市,上海市上海市张街c座号,616864
732,2024-10-25,顾超,广东省,深圳市,广东省深圳市沈阳路Z座号,163028
733,2022-11-30,鞠娟,北京市,北京市,北京市北京市沈阳街g座号,438673
734,2023-01-14,孙萍,广东省,广州市,广东省广州市潘街L座号,554805
735,2023-07-11,何斌,上海市,上海市,上海市上海市拉萨街V座号,212547
736,2022-04-28,马敏,上海市,上海市,上海市上海市广州街w座号,330042
737,2022-09-05,张晶,北京市,北京市,北京市北京市吴路M座号,430402
738,2024-06-25,陈洁,北京市,北京市,北京市北京市宁德路b座号,606436
739,2024-07-07,雷欢,上海市,上海市,上海市上海市潜江街m座号,183328
740,2023-12-09,徐颖,上海市,上海市,上海市上海市裴街M座号,690689
741,2023-07-15,周玉华,广东省,东莞市,广东省东莞市巢湖路Q座号,268392
742,2024-04-06,吴辉,广东省,东莞市,广东省东莞市六盘水街I座号,988167
743,2023-11-13,陈建平,上海市,上海市,上海市上海市台北街w座号,143570
744,2022-05-25,谢博,北京市,北京市,北京市北京市吴街b座号,561557
745,2023-10-02,祖佳,上海市,上海市,上海市上海市班路D座号,896794
746,2023-07-02,刘欣,广东省,东莞市,广东省东莞市李街k座号,609051
747,2024-09-07,李雷,浙江省,宁波市,浙江省宁波市张路G座号,770496
748,2024-12-20,赵磊,浙江省,杭州市,浙江省杭州市宁德街y座号,650750
749,2024-06-02,刘瑞,广东省,广州市,广东省广州市崔街h座号,793352
750,2023-08-27,张凯,浙江省,杭州市,浙江省杭州市柳州街T座号,549652
751,2024-12-18,陈佳,北京市,北京市,北京市北京市赖路O座号,270469
752,2023-08-01,罗秀珍,上海市,上海市,上海市上海市陈街Z座号,664273
753,2024-07-15,高鹏,北京市,北京市,北京市北京市太原街j座号,665483
754,2022-10-11,周帅,浙江省,温州市,浙江省温州市武汉街u座号,132408
755,2023-09-23,韦建国,北京市,北京市,北京市北京市王街u座号,887157
756,2024-08-23,刘旭,上海市,上海市,上海市上海市南京街H座号,616059
757,2023-11-25,蔡兰英,北京市,北京市,北京市北京市柳州街y座号,521929
758,2023-11-22,徐鹏,北京市,北京市,北京市北京市黄街A座号,664980
759,2025-03-16,刁静,上海市,上海市,上海市上海市深圳路h座号,952182
760,2022-10-07,黄明,浙江省,宁波市,浙江省宁波市董街t座号,506631
761,2024-04-15,李娜,广东省,东莞市,广东省东莞市北京路f座号,432743
762,2022-07-06,鲍丽丽,上海市,上海市,上海市上海市邯郸路W座号,515316
763,2023-12-12,李淑英,北京市,北京市,北京市北京市澳门路J座号,847054
764,2023-11-08,李桂珍,上海市,上海市,上海市上海市巫街Q座号,618396
765,2024-02-15,黄俊,上海市,上海市,上海市上海市顾街j座号,761437
766,2023-05-05,范秀云,浙江省,宁波市,浙江省宁波市杭州街u座号,135289
767,2024-02-28,刘英,浙江省,温州市,浙江省温州市张路P座号,131631
768,2022-05-24,张红霞,浙江省,温州市,浙江省温州市惠州路d座号,100765
769,2024-01-03,梁刚,浙江省,杭州市,浙江省杭州市潮州路g座号,964867
770,2023-06-18,李小红,广东省,深圳市,广东省深圳市六安路m座号,328673
771,2024-04-14,侯凤兰,浙江省,温州市,浙江省温州市哈尔滨街W座号,657606
772,2025-03-09,全云,北京市,北京市,北京市北京市陈路K座号,795928
773,2022-06-08,汪桂芳,广东省,深圳市,广东省深圳市沈街w座号,830678
774,2024-10-28,孙瑞,上海市,上海市,上海市上海市淮安路L座号,439698
775,2022-10-24,陆雷,北京市,北京市,北京市北京市重庆路B座号,397802
776,2024-03-30,孙桂芝,上海市,上海市,上海市上海市张街T座号,933225
777,2023-09-27,吕金凤,广东省,广州市,广东省广州市福州路B座号,597755
778,2024-04-28,刘俊,广东省,东莞市,广东省东莞市合肥路u座号,541636
779,2025-01-12,张欢,上海市,上海市,上海市上海市辽阳街P座号,876162
780,2025-01-27,董秀珍,广东省,广州市,广东省广州市佛山街O座号,952785
781,2023-05-13,李伟,上海市,上海市,上海市上海市程路Q座号,844842
782,2022-07-10,林楠,上海市,上海市,上海市上海市兰州街z座号,850284
783,2024-01-07,张小红,浙江省,杭州市,浙江省杭州市吴街g座号,371332
784,2024-01-08,郭洋,上海市,上海市,上海市上海市栾街T座号,827075
785,2024-12-03,李军,北京市,北京市,北京市北京市徐街S座号,152089
786,2023-01-14,谢宁,上海市,上海市,上海市上海市蔡街d座号,830709
787,2022-04-15,吴瑞,浙江省,杭州市,浙江省杭州市黄街t座号,959030
788,2024-03-04,张磊,北京市,北京市,北京市北京市赵路m座号,705930
789,2023-04-28,蒋鹏,北京市,北京市,北京市北京市曹路W座号,833171
790,2023-09-21,李雷,上海市,上海市,上海市上海市郭街d座号,358892
791,2022-03-24,黄娜,上海市,上海市,上海市上海市宜都路a座号,851519
792,2023-10-14,宋龙,北京市,北京市,北京市北京市东莞路Y座号,546125
793,2023-06-17,张柳,上海市,上海市,上海市上海市杭州路w座号,647138
794,2024-12-04,吴瑞,浙江省,温州市,浙江省温州市戈街x座号,613924
795,2023-04-11,王梅,浙江省,杭州市,浙江省杭州市杨街T座号,232762
796,2022-12-08,张英,广东省,深圳市,广东省深圳市卢街N座号,890656
797,2023-02-16,郜兰英,广东省,东莞市,广东省东莞市海门路x座号,340774
798,2024-11-26,金杰,北京市,北京市,北京市北京市熊街F座号,110022
799,2022-07-13,喻健,浙江省,宁波市,浙江省宁波市戴街k座号,114082
800,2022-03-23,黄丽丽,广东省,深圳市,广东省深圳市杨路s座号,749788
801,2024-01-03,彭欣,浙江省,杭州市,浙江省杭州市太原街j座号,752090
802,2022-06-12,马洁,上海市,上海市,上海市上海市太原街E座号,388943
803,2022-08-15,高桂香,广东省,东莞市,广东省东莞市北京路X座号,271437
804,2023-11-16,樊红,上海市,上海市,上海市上海市杨路u座号,395761
805,2022-11-17,李桂芳,广东省,广州市,广东省广州市戚路J座号,307167
806,2024-05-04,许秀珍,北京市,北京市,北京市北京市西宁路E座号,552834
807,2023-04-05,余淑珍,北京市,北京市,北京市北京市刘路e座号,978181
808,2023-06-18,张明,浙江省,宁波市,浙江省宁波市武汉路g座号,717007
809,2024-07-12,张旭,广东省,深圳市,广东省深圳市东莞街s座号,253176
810,2025-02-07,张玉兰,上海市,上海市,上海市上海市汪街E座号,315582
811,2024-05-26,陈超,上海市,上海市,上海市上海市金街i座号,992466
812,2025-02-27,景欣,浙江省,杭州市,浙江省杭州市董路X座号,535135
813,2022-04-09,陈想,北京市,北京市,北京市北京市张家港街Y座号,708936
814,2024-05-14,王秀芳,广东省,广州市,广东省广州市姜街K座号,425948
815,2024-09-28,王涛,上海市,上海市,上海市上海市嘉禾街V座号,925581
816,2024-06-21,李岩,广东省,东莞市,广东省东莞市孙路f座号,649857
817,2022-08-13,张岩,上海市,上海市,上海市上海市张街k座号,944486
818,2023-04-29,孙琴,广东省,广州市,广东省广州市阜新街h座号,312160
819,2024-12-01,彭淑华,广东省,深圳市,广东省深圳市王路Y座号,345640
820,2023-08-20,李秀华,上海市,上海市,上海市上海市澳门街N座号,901622
821,2025-02-27,刘婷,广东省,深圳市,广东省深圳市朱街z座号,190422
822,2024-04-09,苏桂英,浙江省,杭州市,浙江省杭州市童街K座号,415704
823,2023-12-21,龙娟,北京市,北京市,北京市北京市成都街k座号,851858
824,2022-04-08,蔡欢,上海市,上海市,上海市上海市袁路v座号,439200
825,2024-06-07,舒文,上海市,上海市,上海市上海市梁路z座号,575055
826,2023-04-19,钱飞,浙江省,杭州市,浙江省杭州市时路J座号,208827
827,2023-09-29,张楠,上海市,上海市,上海市上海市李路t座号,622959
828,2023-02-22,邓淑英,浙江省,温州市,浙江省温州市王街B座号,372498
829,2024-05-17,樊丹丹,广东省,深圳市,广东省深圳市朱路m座号,703867
830,2025-03-02,童峰,上海市,上海市,上海市上海市王街a座号,520820
831,2024-08-03,李丽华,浙江省,温州市,浙江省温州市向街X座号,676594
832,2023-01-30,王凤兰,北京市,北京市,北京市北京市梁街P座号,978520
833,2024-07-15,曾强,浙江省,宁波市,浙江省宁波市辛集街D座号,436334
834,2025-03-01,赵成,上海市,上海市,上海市上海市齐齐哈尔街u座号,394009
835,2022-06-26,徐秀云,北京市,北京市,北京市北京市李路a座号,205549
836,2024-05-28,徐桂荣,上海市,上海市,上海市上海市长春路I座号,731225
837,2025-03-04,张桂珍,上海市,上海市,上海市上海市江街P座号,420762
838,2022-08-28,马海燕,浙江省,杭州市,浙江省杭州市郑路u座号,747139
839,2024-02-04,庄宁,广东省,东莞市,广东省东莞市辽阳路g座号,344470
840,2024-11-29,王瑞,浙江省,宁波市,浙江省宁波市合肥街i座号,760159
841,2023-02-24,谭博,北京市,北京市,北京市北京市沈阳街c座号,542085
842,2024-08-01,张鹏,北京市,北京市,北京市北京市乌鲁木齐路l座号,204414
843,2022-09-13,陈凤兰,北京市,北京市,北京市北京市宁德街j座号,761573
844,2025-02-04,李慧,浙江省,温州市,浙江省温州市吴路m座号,328602
845,2022-11-07,陈伟,浙江省,宁波市,浙江省宁波市孙路s座号,974246
846,2023-09-22,潘平,浙江省,杭州市,浙江省杭州市陈街E座号,299967
847,2024-01-19,张琳,北京市,北京市,北京市北京市成都路F座号,167223
848,2023-05-22,吴磊,广东省,广州市,广东省广州市阜新路s座号,619355
849,2023-09-25,刘波,上海市,上海市,上海市上海市张街t座号,421382
850,2023-03-26,黄健,浙江省,宁波市,浙江省宁波市北镇街j座号,291368
851,2024-04-17,刘凤兰,浙江省,温州市,浙江省温州市魏路B座号,421806
852,2023-05-22,黄志强,北京市,北京市,北京市北京市汕尾路J座号,768092
853,2022-10-07,孟慧,浙江省,温州市,浙江省温州市重庆路f座号,610045
854,2023-01-07,郭莹,广东省,深圳市,广东省深圳市贵阳路y座号,633124
855,2024-07-20,薛磊,浙江省,杭州市,浙江省杭州市北镇街A座号,854632
856,2025-02-15,陈莹,北京市,北京市,北京市北京市兰州路q座号,846016
857,2023-12-01,吴彬,北京市,北京市,北京市北京市徐街E座号,233164
858,2022-05-18,李丹,北京市,北京市,北京市北京市鞠路Q座号,601987
859,2023-06-18,汪军,上海市,上海市,上海市上海市梁路f座号,112446
860,2022-11-19,黄桂芝,广东省,深圳市,广东省深圳市陈路V座号,312513
861,2023-01-02,吴平,浙江省,温州市,浙江省温州市祝路v座号,511648
862,2023-11-01,张华,浙江省,温州市,浙江省温州市南昌街m座号,466619
863,2024-06-26,李瑜,浙江省,杭州市,浙江省杭州市呼和浩特街y座号,571219
864,2023-05-11,陈桂芝,浙江省,杭州市,浙江省杭州市尹路k座号,274175
865,2024-01-26,张燕,浙江省,宁波市,浙江省宁波市曲街C座号,929461
866,2023-05-14,蔡秀芳,北京市,北京市,北京市北京市陈街n座号,274596
867,2022-06-04,李坤,北京市,北京市,北京市北京市胡街S座号,838363
868,2025-01-25,赵海燕,上海市,上海市,上海市上海市李街H座号,611702
869,2023-09-02,徐建平,浙江省,宁波市,浙江省宁波市台北街i座号,797005
870,2024-01-28,逯兵,上海市,上海市,上海市上海市郭街d座号,781897
871,2022-06-01,吴敏,浙江省,宁波市,浙江省宁波市上海街n座号,669474
872,2023-06-04,王军,广东省,东莞市,广东省东莞市福州路N座号,632176
873,2023-11-25,袁慧,上海市,上海市,上海市上海市西宁路c座号,228793
874,2022-08-15,陈建,北京市,北京市,北京市北京市沈阳街c座号,337931
875,2022-10-10,刘艳,广东省,广州市,广东省广州市福州街Y座号,622171
876,2022-12-22,刘春梅,北京市,北京市,北京市北京市武汉街F座号,928150
877,2022-10-21,冉柳,广东省,深圳市,广东省深圳市惠州路M座号,218251
878,2023-05-30,黄建军,浙江省,杭州市,浙江省杭州市刘街b座号,408473
879,2025-01-10,何军,北京市,北京市,北京市北京市张路S座号,211749
880,2022-11-25,戴丽丽,上海市,上海市,上海市上海市李街Y座号,167777
881,2024-11-17,李岩,北京市,北京市,北京市北京市北京街D座号,652281
882,2022-06-07,林杨,广东省,广州市,广东省广州市北镇街x座号,268037
883,2023-05-25,李畅,上海市,上海市,上海市上海市邵街m座号,375747
884,2025-02-16,傅洋,北京市,北京市,北京市北京市昆明街q座号,177852
885,2024-08-18,刘柳,广东省,深圳市,广东省深圳市李街v座号,149406
886,2024-12-19,王晨,广东省,广州市,广东省广州市六安街C座号,877475
887,2024-07-17,张淑英,上海市,上海市,上海市上海市苏路N座号,745724
888,2023-08-15,贺超,广东省,东莞市,广东省东莞市钟路w座号,213097
889,2025-01-11,周丽娟,上海市,上海市,上海市上海市石家庄街c座号,575865
890,2024-11-17,胡艳,上海市,上海市,上海市上海市曾路x座号,657021
891,2024-03-14,韦鑫,上海市,上海市,上海市上海市西安路t座号,609691
892,2022-07-05,梁勇,广东省,广州市,广东省广州市韦路C座号,500518
893,2023-11-18,杨婷婷,浙江省,宁波市,浙江省宁波市汕尾路D座号,838664
894,2024-12-11,柯丽,上海市,上海市,上海市上海市曾路o座号,270236
895,2023-08-09,杨丽华,上海市,上海市,上海市上海市葛街Z座号,423023
896,2023-11-23,张丽丽,广东省,深圳市,广东省深圳市深圳路n座号,565899
897,2023-10-04,李云,广东省,深圳市,广东省深圳市东莞路W座号,854835
898,2022-09-20,赵金凤,浙江省,宁波市,浙江省宁波市北京街D座号,856312
899,2024-06-23,李伟,北京市,北京市,北京市北京市方路n座号,553140
900,2023-01-04,何杨,广东省,广州市,广东省广州市哈尔滨街N座号,376709
901,2024-03-28,周娟,广东省,广州市,广东省广州市张街g座号,270105
902,2024-04-26,杨杰,广东省,东莞市,广东省东莞市西宁路e座号,541110
903,2024-08-12,张玉英,浙江省,杭州市,浙江省杭州市台北街v座号,638841
904,2022-06-16,汪丹,上海市,上海市,上海市上海市天津街R座号,265211
905,2023-09-17,苗艳,广东省,东莞市,广东省东莞市合肥街k座号,193928
906,2024-04-19,倪想,浙江省,温州市,浙江省温州市崔路Y座号,235841
907,2024-07-06,董玉兰,广东省,深圳市,广东省深圳市佛山街c座号,490502
908,2024-08-10,余鹏,浙江省,杭州市,浙江省杭州市伍路u座号,144411
909,2024-07-07,刘红,浙江省,温州市,浙江省温州市成都路N座号,726768
910,2023-12-03,康红霞,上海市,上海市,上海市上海市淮安路f座号,841715
911,2022-09-04,万建军,广东省,广州市,广东省广州市符路f座号,529327
912,2022-12-18,方丽华,北京市,北京市,北京市北京市通辽街Y座号,139706
913,2023-06-05,李秀荣,浙江省,温州市,浙江省温州市林路c座号,377315
914,2022-05-07,李淑珍,广东省,广州市,广东省广州市汕尾街Z座号,161239
915,2024-04-11,连红,上海市,上海市,上海市上海市钟街A座号,270549
916,2024-07-14,刘洋,广东省,深圳市,广东省深圳市宁德街O座号,415734
917,2023-09-06,罗杰,浙江省,宁波市,浙江省宁波市北京街w座号,324784
918,2023-11-13,黎成,广东省,东莞市,广东省东莞市南昌路B座号,484370
919,2024-08-07,郑璐,浙江省,宁波市,浙江省宁波市巢湖路K座号,320139
920,2022-09-17,张畅,浙江省,宁波市,浙江省宁波市银川路p座号,443482
921,2023-05-23,李桂英,北京市,北京市,北京市北京市叶路I座号,221732
922,2024-02-16,吴秀梅,广东省,东莞市,广东省东莞市深圳路j座号,861349
923,2024-04-01,景飞,北京市,北京市,北京市北京市潘路D座号,924421
924,2024-11-06,王林,上海市,上海市,上海市上海市吕路A座号,303222
925,2024-06-21,周凯,浙江省,宁波市,浙江省宁波市陈路d座号,191439
926,2024-04-23,米峰,浙江省,杭州市,浙江省杭州市苏路Q座号,477380
927,2023-07-23,陈想,广东省,深圳市,广东省深圳市高路v座号,858105
928,2022-08-02,钟桂香,北京市,北京市,北京市北京市辛集路f座号,189894
929,2023-07-19,熊建,广东省,广州市,广东省广州市合山街A座号,417007
930,2022-12-06,颜明,广东省,深圳市,广东省深圳市徐路z座号,898461
931,2025-02-05,刘建军,上海市,上海市,上海市上海市曹街p座号,626030
932,2025-02-12,徐娜,浙江省,宁波市,浙江省宁波市李路u座号,927484
933,2023-06-30,吴凤兰,浙江省,杭州市,浙江省杭州市合山路N座号,560892
934,2024-01-28,吴晶,上海市,上海市,上海市上海市张街P座号,227392
935,2024-11-11,李磊,浙江省,杭州市,浙江省杭州市朱街C座号,144877
936,2023-02-17,韦平,北京市,北京市,北京市北京市王路r座号,127382
937,2024-01-16,赵玲,北京市,北京市,北京市北京市车路A座号,428864
938,2022-10-04,刘佳,浙江省,宁波市,浙江省宁波市辛集路e座号,218250
939,2023-03-26,刘娜,上海市,上海市,上海市上海市蒋街Y座号,619484
940,2024-12-29,袁文,浙江省,宁波市,浙江省宁波市谢路C座号,296434
941,2022-09-06,郑琳,北京市,北京市,北京市北京市龚路A座号,599697
942,2024-05-12,胡丽华,浙江省,温州市,浙江省温州市胡街V座号,197072
943,2023-08-31,王梅,广东省,东莞市,广东省东莞市赵路g座号,132207
944,2025-02-14,余红霞,上海市,上海市,上海市上海市李街F座号,635134
945,2024-09-20,王红霞,浙江省,杭州市,浙江省杭州市石家庄街B座号,792532
946,2024-07-07,胡琴,上海市,上海市,上海市上海市西安街C座号,585048
947,2022-11-21,姚金凤,浙江省,宁波市,浙江省宁波市惠州路u座号,383354
948,2024-10-31,王坤,广东省,东莞市,广东省东莞市宋路B座号,107513
949,2023-11-15,韦柳,广东省,东莞市,广东省东莞市兴安盟街j座号,472634
950,2024-02-22,吕洋,浙江省,温州市,浙江省温州市陈路V座号,225453
951,2022-11-02,姚欣,广东省,深圳市,广东省深圳市嘉禾路d座号,500508
952,2023-01-08,陆红梅,广东省,东莞市,广东省东莞市辛集街d座号,357607
953,2024-12-24,傅玉,上海市,上海市,上海市上海市荆门路E座号,857615
954,2023-06-11,朱倩,广东省,广州市,广东省广州市曹街a座号,455379
955,2024-11-27,田玉兰,广东省,东莞市,广东省东莞市张路U座号,409524
956,2023-05-13,刘建国,北京市,北京市,北京市北京市张街c座号,383193
957,2023-12-11,郎建平,浙江省,温州市,浙江省温州市巢湖路a座号,238079
958,2023-04-14,万莉,上海市,上海市,上海市上海市关岭街q座号,717794
959,2022-11-13,邢秀荣,上海市,上海市,上海市上海市关岭街z座号,339105
960,2023-03-28,张婷婷,上海市,上海市,上海市上海市谢街u座号,291393
961,2024-12-30,刘玉,北京市,北京市,北京市北京市鞠街R座号,425799
962,2024-01-28,张淑华,浙江省,温州市,浙江省温州市陆街R座号,129833
963,2024-06-23,崔畅,浙江省,杭州市,浙江省杭州市呼和浩特街c座号,516165
964,2022-12-28,方琳,广东省,广州市,广东省广州市包街Q座号,995230
965,2023-10-07,刘佳,北京市,北京市,北京市北京市哈尔滨街z座号,229511
966,2024-12-26,徐晨,北京市,北京市,北京市北京市张街H座号,738887
967,2023-12-14,李璐,浙江省,宁波市,浙江省宁波市石家庄路a座号,102129
968,2024-08-10,黄林,上海市,上海市,上海市上海市赵路P座号,469449
969,2023-01-07,麦凤英,上海市,上海市,上海市上海市长沙路Z座号,419452
970,2023-06-07,刘想,广东省,广州市,广东省广州市张路U座号,451227
971,2024-03-14,王飞,浙江省,杭州市,浙江省杭州市六盘水街R座号,281765
972,2023-08-09,李娜,浙江省,杭州市,浙江省杭州市李路B座号,130645
973,2025-01-01,刘荣,广东省,东莞市,广东省东莞市郑街K座号,619457
974,2025-02-18,何坤,上海市,上海市,上海市上海市甘路a座号,657906
975,2024-08-02,王彬,上海市,上海市,上海市上海市济南路Y座号,564025
976,2022-06-12,林璐,上海市,上海市,上海市上海市杨街Y座号,739808
977,2023-11-06,田桂珍,北京市,北京市,北京市北京市荆门路h座号,234374
978,2024-05-10,罗彬,北京市,北京市,北京市北京市兴城街U座号,967097
979,2023-08-26,王秀荣,浙江省,杭州市,浙江省杭州市巢湖街n座号,941409
980,2022-09-07,顾兰英,广东省,东莞市,广东省东莞市太原街K座号,558403
981,2023-06-07,郑彬,广东省,广州市,广东省广州市太原街x座号,755395
982,2024-03-25,陈春梅,浙江省,杭州市,浙江省杭州市张街G座号,231544
983,2024-11-10,李淑华,浙江省,温州市,浙江省温州市张街f座号,458367
984,2023-03-17,胡春梅,广东省,广州市,广东省广州市张路X座号,192067
985,2024-12-01,李博,浙江省,温州市,浙江省温州市王路d座号,210978
986,2024-06-19,黄洋,北京市,北京市,北京市北京市拉萨街m座号,277093
987,2022-12-18,农斌,上海市,上海市,上海市上海市吴路k座号,867621
988,2022-12-28,赵桂香,北京市,北京市,北京市北京市西安路i座号,118931
989,2022-09-21,王英,北京市,北京市,北京市北京市张路H座号,487412
990,2023-12-18,邵宁,上海市,上海市,上海市上海市汕尾街Q座号,409736
991,2024-12-12,梁帅,浙江省,杭州市,浙江省杭州市银川路P座号,634320
992,2022-08-15,彭莹,浙江省,杭州市,浙江省杭州市南京街X座号,727363
993,2022-10-20,杨成,北京市,北京市,北京市北京市重庆路Y座号,524875
994,2022-07-11,陈佳,上海市,上海市,上海市上海市淮安路Q座号,448903
995,2022-11-02,初玉华,上海市,上海市,上海市上海市香港街A座号,464641
996,2024-08-15,罗艳,上海市,上海市,上海市上海市黄街t座号,916805
997,2022-11-16,董桂芳,浙江省,杭州市,浙江省杭州市广州路D座号,746217
998,2025-01-29,赵辉,北京市,北京市,北京市北京市曹街T座号,936605
999,2023-07-03,王健,浙江省,温州市,浙江省温州市潮州路C座号,785086
1000,2023-03-02,宾淑珍,北京市,北京市,北京市北京市陈街t座号,382882
